<?xml version="1.0" encoding="UTF-8" standalone="yes"?>
<addon id="script.module.m3u8"
       name="m3u8"
       version="6.0.0-bfbfd48"
       provider-name="Globo.com">

    <requires>
        <import addon="xbmc.python" version="3.0.1" />
    </requires>

    <extension point="xbmc.python.module" library="lib" />

    <extension point="xbmc.addon.metadata">
        <summary lang="en_GB">Python m3u8 parser.</summary>
        <description lang="en_GB">Python m3u8 parser.</description>
        <license>MIT</license>
        <platform>all</platform>
        <source>https://github.com/globocom/m3u8</source>
    </extension>

</addon>
