<?xml version="1.0" encoding="UTF-8" standalone="yes"?>
<addon id="script.module.nuttig"
       name="nuttig"
       version="1.2.5"
       provider-name="lekma">

    <requires>
        <import addon="xbmc.python" version="3.0.1" />
    </requires>

    <extension point="xbmc.python.module" library="lib" />

    <extension point="xbmc.addon.metadata">
        <summary lang="en_GB">a useful (to me) collection of kodi utilities</summary>
        <description lang="en_GB">a useful (to me) collection of kodi utilities</description>
        <license>Unlicense</license>
        <platform>all</platform>
        <source>https://github.com/lekma/script.module.nuttig</source>
    </extension>

</addon>
