<?xml version="1.0" encoding="UTF-8"?>
<window type="dialog">

    <!--<onload>Dialog.Close(fullscreeninfo,true)</onload>-->
    <!--<onload>Dialog.Close(videoosd,true)</onload>-->

    <defaultcontrol always="true">1</defaultcontrol>

    <animation type="WindowOpen" reversible="false">
        <effect type="fade" start="0" end="100" time="500" />
        <effect type="slide" start="100%,0" end="0,0" time="500" />
    </animation>
    <animation type="WindowClose" reversible="false">
        <effect type="fade" start="100" end="0" time="500" />
        <effect type="slide" start="0,0" end="100%,0" time="500" />
    </animation>

    <controls>

        <control type="group">

            <right>0</right>
            <bottom>50%</bottom>
            <height>10%</height>
            <width>10%</width>

            <control type="button" id="1">

                <align>center</align>
                <aligny>center</aligny>
                <label>$ADDON[service.sponsorblock 30001]</label>

            </control>

        </control>

    </controls>

</window>
