<?xml version="1.0" encoding="UTF-8" standalone="yes"?>
<addon id="plugin.video.invidious"
       name="Invidious"
       version="0.2.0"
       provider-name="lekma">

    <requires>
        <import addon="xbmc.python" version="2.26.0" />
        <import addon="script.module.six" version="1.11.0" />
        <import addon="script.module.kodi-six" version="0.1.2" />
        <import addon="script.module.requests" version="2.22.0" />
        <import addon="script.module.inputstreamhelper" version="0.4.3" />
        <import addon="script.module.iapc" version="0.0.2" />
    </requires>

    <extension point="xbmc.python.pluginsource" library="lib/plugin.py">
        <provides>video</provides>
    </extension>

	<extension point="xbmc.service" library="lib/service.py" />

	<extension point="xbmc.python.script" library="lib/script.py">
		<provides>executable</provides>
	</extension>

    <!-- kodi 19
    <extension point="kodi.context.item">
        <menu id="kodi.core.main">
            <item library="lib/script.py" args="goToChannel">
                <label>30031</label>
                <visible>ListItem.Property(authorId)</visible>
            </item>
            <item library="lib/script.py" args="addChannelToFavourites">
                <label>30032</label>
                <visible>ListItem.Property(authorId)</visible>
            </item>
        </menu>
    </extension>
    -->

    <extension point="xbmc.addon.metadata">
        <reuselanguageinvoker>true</reuselanguageinvoker>
        <summary lang="en_GB">Invidious Addon</summary>
        <description lang="en_GB">Invidious Addon</description>
        <summary lang="fr_FR">Addon pour Invidious</summary>
        <description lang="fr_FR">Addon pour Invidious</description>
        <license>GPL-3.0-only</license>
        <platform>all</platform>
        <source>https://github.com/lekma/plugin.video.invidious</source>
        <assets>
            <icon>resources/media/icon.png</icon>
            <fanart>resources/media/fanart.jpg</fanart>
        </assets>
    </extension>

</addon>
