<?xml version="1.0" encoding="UTF-8" standalone="yes"?>
<addon id="service.manifests.mpd"
       name="MPEG-DASH manifests service"
       version="1.4.0"
       provider-name="lekma">

    <requires>
        <import addon="xbmc.python" version="3.0.1" />
        <import addon="script.module.nuttig" version="1.4.0" />
        <import addon="script.module.iapc" version="2.4.0" />
    </requires>

    <extension point="xbmc.service" library="lib/service.py" />

    <extension point="xbmc.addon.metadata">
        <reuselanguageinvoker>true</reuselanguageinvoker>
        <summary lang="en_GB">MPEG-DASH manifests service</summary>
        <description lang="en_GB">MPEG-DASH manifests service</description>
        <license>Unlicense</license>
        <platform>all</platform>
        <source>https://github.com/lekma/service.manifests.mpd</source>
    </extension>

</addon>
