<?xml version="1.0" encoding="UTF-8" standalone="yes"?>
<addon id="plugin.video.mytube"
       name="MyTube"
       version="3.2.5"
       provider-name="lekma">

    <requires>
        <import addon="xbmc.python" version="3.0.1" />
        <import addon="xbmc.addon" version="20.2.0" />
        <import addon="script.module.nuttig" version="1.2.5" />
        <import addon="script.module.iapc" version="2.2.5" />
        <import addon="script.module.yt-dlp" version="2024.10.07-1" />
        <import addon="script.module.requests" version="2.31.0" />
        <import addon="script.module.inputstreamhelper" version="0.7.0" />
        <import addon="script.module.feedparser" version="6.0.11" />
        <import addon="service.yt-dlp" version="1.2.5" />
        <import addon="plugin.video.youtube" version="7.0.9.2" optional="true" />
        <import addon="service.sponsorblock" version="1.2.5" optional="true" />
    </requires>

    <extension point="xbmc.python.pluginsource" library="lib/plugin.py">
        <provides>video</provides>
    </extension>

    <extension point="xbmc.service" library="lib/service.py" />

    <extension point="xbmc.python.script" library="lib/scripts.py" />

    <extension point="xbmc.addon.metadata">
        <reuselanguageinvoker>true</reuselanguageinvoker>
        <summary lang="en_GB">MyTube</summary>
        <description lang="en_GB">MyTube</description>
        <license>Unlicense</license>
        <platform>all</platform>
        <source>https://github.com/lekma/plugin.video.mytube</source>
        <assets>
            <icon>resources/media/icon.png</icon>
        </assets>
    </extension>

</addon>
