<?xml version="1.0" encoding="UTF-8" standalone="yes"?>
<addon id="service.manifests"
       name="Manifests service"
       version="2.0.0"
       provider-name="lekma">

    <requires>
        <import addon="xbmc.python" version="3.0.1" />
        <import addon="script.module.m3u8" version="6.0.0-20250131" />
        <import addon="script.module.nuttig" version="1.4.10" />
        <import addon="script.module.iapc" version="2.4.2" />
    </requires>

    <extension point="xbmc.service" library="lib/service.py" />

    <extension point="xbmc.addon.metadata">
        <reuselanguageinvoker>true</reuselanguageinvoker>
        <summary lang="en_GB">Manifests service</summary>
        <description lang="en_GB">Manifests service</description>
        <license>Unlicense</license>
        <platform>all</platform>
        <source>https://github.com/lekma/service.manifests</source>
    </extension>

</addon>
