<?xml version="1.0" encoding="UTF-8" standalone="yes"?>
<addon id="script.module.deno"
       name="Deno"
       version="1.0.2"
       provider-name="Deno authors">

    <requires>
        <import addon="xbmc.python" version="3.0.1" />
        <import addon="script.module.packaging" version="25.0" />
    </requires>

    <extension point="xbmc.python.module" library="lib" />

    <extension point="xbmc.addon.metadata">
        <summary lang="en_GB">Deno JavaScript runtime</summary>
        <description lang="en_GB">Deno JavaScript runtime</description>
        <license>MIT</license>
        <platform>linux</platform>
        <source>https://github.com/lekma/script.module.deno</source>
    </extension>

</addon>
