<?xml version="1.0" encoding="UTF-8" standalone="yes"?>
<addon id="plugin.video.mytube"
       name="MyTube"
       version="1.0.4"
       provider-name="lekma">

    <requires>
        <import addon="xbmc.python" version="3.0.1" />
        <import addon="xbmc.addon" version="20.0.0" />
        <import addon="script.module.iapc" version="1.0.6" />
        <import addon="script.module.requests" version="2.27.1" />
        <import addon="script.module.inputstreamhelper" version="0.5.10" />
        <import addon="script.module.feedparser" version="6.0.2" />
        <import addon="script.module.yt-dlp" version="2023.03.03-1" />
        <import addon="plugin.video.youtube" version="7.0.0" optional="true" />
    </requires>

    <extension point="xbmc.python.pluginsource" library="lib/plugin.py">
        <provides>video</provides>
    </extension>

    <extension point="xbmc.service" library="lib/service.py" />

    <extension point="xbmc.python.script" library="lib/script.py">
        <provides>executable</provides>
    </extension>

    <extension point="xbmc.addon.metadata">
        <reuselanguageinvoker>true</reuselanguageinvoker>
        <license>Unlicense</license>
        <platform>all</platform>
        <source>https://github.com/lekma/plugin.video.mytube</source>
        <assets>
            <icon>resources/media/icon.png</icon>
        </assets>
        <summary lang="en_GB">MyTube</summary>
        <description lang="en_GB">MyTube</description>
    </extension>

</addon>
