<?xml version="1.0" encoding="UTF-8" standalone="yes"?>
<addon id="script.module.packaging"
       name="packaging"
       version="25.0"
       provider-name="Donald Stufft and individual contributors">

    <requires>
        <import addon="xbmc.python" version="3.0.1" />
    </requires>

    <extension point="xbmc.python.module" library="lib" />

    <extension point="xbmc.addon.metadata">
        <summary lang="en_GB">Core utilities for Python packages.</summary>
        <description lang="en_GB">The packaging library includes the following: version handling, specifiers, markers, requirements, tags, utilities.</description>
        <license>BSD-2-Clause | Apache-2.0</license>
        <platform>all</platform>
        <source>https://github.com/pypa/packaging</source>
    </extension>

</addon>
