<?xml version="1.0" encoding="UTF-8" standalone="yes"?>
<addon id="script.module.iapc"
       name="Inter-Addon Procedure Call"
       version="2.4.2"
       provider-name="lekma">

    <requires>
        <import addon="xbmc.python" version="3.0.1" />
        <import addon="script.module.nuttig" version="1.4.2" />
    </requires>

    <extension point="xbmc.python.module" library="lib" />

    <extension point="xbmc.addon.metadata">
        <summary lang="en_GB">Inter-Addon Procedure Call</summary>
        <description lang="en_GB">Inter-Addon Procedure Call addon for Kodi</description>
        <license>GPL-3.0-only</license>
        <platform>all</platform>
        <source>https://github.com/lekma/script.module.iapc</source>
    </extension>

</addon>

